{"cameraMode":{"drawMode":0,"name":"Shaded","section":"Shading Mode"},"sceneLighting":false,"audioPlay":false,"sceneViewState":{"showFog":true,"showMaterialUpdate":false,"showSkybox":true,"showFlares":true,"showImageEffects":true,"showParticleSystems":true},"in2DMode":false,"pivot":{"x":0.6139436960220337,"y":1.1874604225158692,"z":-12.965300559997559},"rotation":{"x":0.03779686614871025,"y":0.014392987824976445,"z":-0.0005442352849058807,"w":0.9991816878318787},"size":0.45501670241355898,"orthographic":false}